,Site,Rate,N,Average Rate (m/yr),MAE (m/yr)
0,Rangitikei,All,25,0.9469227164796323,0.6815168654199106
1,Rangitikei,< 1 m/yr,19,0.2521279325732441,0.4786971786154085
2,Rangitikei,> 1 m/yr,6,3.1471061988498614,1.3237792069675014
3,Bird,All,17,2.8773577527073164,0.8361039707163694
4,Bird,< 1 m/yr,2,0.6442357676692547,0.4358747794783279
5,Bird,> 1 m/yr,15,3.1751073507123917,0.8894678628814415
6,Both,All,42,1.7282892787622666,0.7440878366113344
7,Both,< 1 m/yr,21,0.2894715359157213,0.47461885488806754
8,Both,> 1 m/yr,21,3.1671070216088117,1.0135568183346015
